n,distancia,Raf,IA_T2F,IB_T2F,IC_T2F,IA_TRIF,IB_TRIF,IC_TRIF
1,10,10,35.65823,45.44484,80.96957,268.4598,0.2656945,0.2344199
2,10,20,34.3771,44.27414,78.52319,194.1118,0.2643703,0.236674
3,10,30,33.16263,43.16089,76.20075,150.8692,0.264086,0.2378915
4,10,40,32.01073,42.10194,73.99502,123.0369,0.2640821,0.2386302
5,10,50,30.91751,41.09423,71.89905,103.7427,0.2641588,0.2391195
6,10,60,29.8793,40.1348,69.9062,89.6209,0.264255,0.239465
7,10,70,28.8926,39.2209,68.0103,78.8538,0.264351,0.239721
8,10,80,27.9543,38.3497,66.2053,70.3804,0.26444,0.239918
9,10,90,27.0612,37.5189,64.4857,63.542,0.264521,0.240074
10,10,100,26.2105,36.726,62.8464,57.909,0.264593,0.2402
11,10,110,25.39967,35.96873,61.2824,53.18967,0.2646571,0.2403047
12,10,120,24.62617,35.24506,59.78923,49.17905,0.2647145,0.2403924
13,10,130,23.88774,34.55302,58.36264,45.72908,0.264766,0.240467
14,10,140,23.18225,33.89078,56.99868,42.73013,0.2648122,0.2405313
15,10,150,22.50774,33.25661,55.69366,40.09939,0.2648539,0.2405872
16,10,160,21.86237,32.64893,54.44415,37.77307,0.2648917,0.2406363
17,10,170,21.24443,32.06623,53.24696,35.70132,0.2649261,0.2406797
18,10,180,20.65235,31.50712,52.09911,33.84459,0.2649575,0.2407184
19,10,190,20.08464,30.9703,50.99782,32.17108,0.2649863,0.2407531
20,10,200,19.53994,30.45454,49.94051,30.65499,0.2650127,0.2407843
21,10,210,19.01696,29.95871,48.92476,29.27514,0.2650371,0.2408127
22,10,220,18.51451,29.48175,47.94831,28.01396,0.2650596,0.2408385
23,10,230,18.03149,29.02266,47.00907,26.85679,0.2650805,0.2408621
24,10,240,17.56685,28.58051,46.10506,25.79129,0.2650999,0.2408837
25,10,250,17.11964,28.15442,45.23446,24.80699,0.265118,0.2409036
26,10,260,16.68894,27.74359,44.39553,23.89495,0.2651349,0.240922
27,10,270,16.27391,27.34724,43.58667,23.0475,0.2651507,0.2409391
28,10,280,15.87376,26.96466,42.80638,22.25803,0.2651655,0.2409549
29,10,290,15.48776,26.59518,42.05323,21.52078,0.2651795,0.2409697
30,10,300,15.1152,26.23816,41.32592,20.83074,0.2651926,0.2409835
31,10,310,14.75543,25.89301,40.62318,20.18351,0.2652049,0.2409964
32,10,320,14.40785,25.55917,39.94385,19.57525,0.2652166,0.2410085
33,10,330,14.07189,25.23611,39.28683,19.00252,0.2652277,0.2410198
34,10,340,13.747,24.92334,38.6511,18.46232,0.2652382,0.2410305
35,10,350,13.43268,24.6204,38.03566,17.95194,0.2652481,0.2410406
36,10,360,13.12844,24.32684,37.43962,17.46898,0.2652575,0.2410502
37,10,370,12.83385,24.04226,36.8621,17.0113,0.2652665,0.2410592
38,10,380,12.54848,23.76625,36.30229,16.57696,0.2652751,0.2410677
39,10,390,12.27193,23.49845,35.75942,16.16421,0.2652832,0.2410759
40,10,400,12.00382,23.23851,35.23277,15.7715,0.265291,0.2410836
41,10,410,11.74379,22.98609,34.72164,15.39739,0.2652984,0.2410909
42,10,420,11.49152,22.7409,34.22539,15.04059,0.2653055,0.2410979
43,10,430,11.24668,22.50262,33.7434,14.69994,0.2653123,0.2411046
44,10,440,11.00898,22.27099,33.27509,14.37435,0.2653189,0.2411109
45,10,450,10.77812,22.04573,32.8199,14.06286,0.2653251,0.241117
46,10,460,10.55384,21.82659,32.37732,13.76456,0.2653311,0.2411228
47,10,470,10.33588,21.61333,31.94685,13.47864,0.2653369,0.2411284
48,10,480,10.124,21.40572,31.52801,13.20434,0.2653424,0.2411337
49,10,490,9.917978,21.20356,31.12036,12.94096,0.2653478,0.2411388
50,10,500,9.717584,21.00662,30.72348,12.68788,0.2653529,0.2411438
51,10,510,9.522615,20.81472,30.33695,12.44449,0.2653578,0.2411485
52,10,520,9.332873,20.62768,29.9604,12.21025,0.2653626,0.241153
53,10,530,9.148171,20.4453,29.59345,11.98465,0.2653672,0.2411574
54,10,540,8.968332,20.26744,29.23576,11.76723,0.2653717,0.2411616
55,10,550,8.793184,20.09391,28.887,11.55755,0.2653759,0.2411657
56,10,560,8.622567,19.92457,28.54684,11.35519,0.2653801,0.2411696
57,10,570,8.456326,19.75928,28.21499,11.1598,0.2653841,0.2411734
58,10,580,8.294314,19.59789,27.89115,10.971,0.265388,0.241177
59,10,590,8.136392,19.44027,27.57506,10.78848,0.2653917,0.2411805
60,10,600,7.982427,19.28629,27.26644,10.61192,0.2653954,0.2411839
61,10,610,7.832289,19.13584,26.96504,10.44104,0.2653989,0.2411872
62,10,620,7.685859,18.98878,26.67063,10.27557,0.2654023,0.2411904
63,10,630,7.54302,18.84501,26.38297,10.11525,0.2654056,0.2411935
64,10,640,7.40366,18.70443,26.10185,9.959858,0.2654089,0.2411965
65,10,650,7.267673,18.56693,25.82704,9.809157,0.265412,0.2411994
66,10,660,7.134959,18.43242,25.55836,9.662943,0.265415,0.2412022
67,10,670,7.005419,18.30079,25.2956,9.521017,0.265418,0.2412049
68,10,680,6.878962,18.17196,25.03857,9.383194,0.2654208,0.2412076
69,10,690,6.755498,18.04584,24.78711,9.2493,0.2654236,0.2412102
70,10,700,6.634942,17.92235,24.54104,9.119167,0.2654263,0.2412127
71,10,710,6.517212,17.80141,24.3002,8.99264,0.265429,0.2412151
72,10,720,6.402231,17.68295,24.06442,8.869572,0.2654316,0.2412174
73,10,730,6.289923,17.56688,23.83356,8.749821,0.2654341,0.2412197
74,10,740,6.180218,17.45314,23.60746,8.633257,0.2654365,0.241222
75,10,750,6.073045,17.34165,23.386,8.519753,0.2654389,0.2412241
76,10,760,5.96834,17.23237,23.16903,8.409191,0.2654412,0.2412263
77,10,770,5.866039,17.12521,22.95643,8.301458,0.2654434,0.2412283
78,10,780,5.766081,17.02012,22.74807,8.196446,0.2654457,0.2412303
79,10,790,5.668408,16.91705,22.54383,8.094054,0.2654478,0.2412323
80,10,800,5.572964,16.81593,22.3436,7.994186,0.2654499,0.2412342
81,10,810,5.479695,16.71672,22.14726,7.896748,0.265452,0.2412361
82,10,820,5.38855,16.61935,21.95471,7.801654,0.265454,0.2412379
83,10,830,5.29948,16.52378,21.76584,7.708819,0.2654559,0.2412397
84,10,840,5.212436,16.42996,21.58055,7.618165,0.2654578,0.2412414
85,10,850,5.127373,16.33785,21.39875,7.529615,0.2654597,0.2412431
86,10,860,5.044247,16.24739,21.22035,7.443098,0.2654615,0.2412447
87,10,870,4.963016,16.15855,21.04525,7.358543,0.2654633,0.2412463
88,10,880,4.88364,16.07128,20.87337,7.275885,0.265465,0.2412479
89,10,890,4.806078,15.98554,20.70462,7.195061,0.2654668,0.2412495
90,10,900,4.730294,15.90129,20.53893,7.11601,0.2654684,0.241251
91,10,910,4.656251,15.8185,20.37621,7.038676,0.2654701,0.2412524
92,10,920,4.583915,15.73713,20.21639,6.963001,0.2654717,0.2412539
93,10,930,4.513251,15.65714,20.0594,6.888935,0.2654732,0.2412553
94,10,940,4.444228,15.57849,19.90516,6.816425,0.2654748,0.2412567
95,10,950,4.376815,15.50116,19.75362,6.745424,0.2654763,0.241258
96,10,960,4.310981,15.42511,19.60469,6.675885,0.2654778,0.2412594
97,10,970,4.246698,15.35032,19.45833,6.607763,0.2654792,0.2412606
98,10,980,4.183938,15.27674,19.31446,6.541016,0.2654806,0.2412619
99,10,990,4.122674,15.20435,19.17303,6.475601,0.265482,0.2412632
100,10,1000,4.06288,15.13313,19.03397,6.411481,0.2654834,0.2412644
101,20,10,35.65823,45.44484,80.96957,168.0115,0.5392468,0.4635442
102,20,20,34.3771,44.27414,78.52319,136.6112,0.5348496,0.4675497
103,20,30,33.16263,43.16089,76.20075,114.3488,0.5325851,0.4703529
104,20,40,32.01073,42.10194,73.99502,98.00483,0.5313608,0.4723641
105,20,50,30.91751,41.09423,71.89905,85.59539,0.5306742,0.473855
106,20,60,29.8793,40.13482,69.90622,75.89507,0.5302812,0.4749948
107,20,70,28.89263,39.22088,68.01027,68.12439,0.5300563,0.4758897
108,20,80,27.95427,38.34975,66.20529,61.77016,0.5299312,0.4766086
109,20,90,27.06117,37.51891,64.48573,56.48323,0.5298671,0.4771975
110,20,100,26.21052,36.72598,62.84639,52.01889,0.5298411,0.4776878
111,20,110,25.39967,35.96873,61.2824,48.20105,0.5298392,0.478102
112,20,120,24.62617,35.24506,59.78923,44.90006,0.5298525,0.4784561
113,20,130,23.88774,34.55302,58.36264,42.01844,0.5298754,0.4787622
114,20,140,23.18225,33.89078,56.99868,39.48163,0.5299043,0.4790293
115,20,150,22.50774,33.25661,55.69366,37.23161,0.5299367,0.4792642
116,20,160,21.86237,32.64893,54.44415,35.22263,0.529971,0.4794724
117,20,170,21.24443,32.06623,53.24696,33.41811,0.5300061,0.4796582
118,20,180,20.65235,31.50712,52.09911,31.7885,0.5300413,0.4798249
119,20,190,20.08464,30.9703,50.99782,30.30966,0.5300762,0.4799754
120,20,200,19.53994,30.45454,49.94051,28.96166,0.5301103,0.4801118
121,20,210,19.01696,29.95871,48.92476,27.72793,0.5301435,0.480236
122,20,220,18.51451,29.48175,47.94831,26.59459,0.5301756,0.4803497
123,20,230,18.03149,29.02266,47.00907,25.5499,0.5302067,0.480454
124,20,240,17.56685,28.58051,46.10506,24.58387,0.5302366,0.48055
125,20,250,17.11964,28.15442,45.23446,23.68797,0.5302653,0.4806388
126,20,260,16.68894,27.74359,44.39553,22.85486,0.530293,0.4807211
127,20,270,16.27391,27.34724,43.58667,22.07816,0.5303195,0.4807975
128,20,280,15.87376,26.96466,42.80638,21.35234,0.530345,0.4808687
129,20,290,15.48776,26.59518,42.05323,20.67259,0.5303694,0.4809352
130,20,300,15.1152,26.23816,41.32592,20.03465,0.5303929,0.4809975
131,20,310,14.75543,25.89301,40.62318,19.43479,0.5304154,0.4810559
132,20,320,14.40785,25.55917,39.94385,18.86971,0.530437,0.4811108
133,20,330,14.07189,25.23611,39.28683,18.33647,0.5304577,0.4811624
134,20,340,13.747,24.92334,38.6511,17.83246,0.5304776,0.4812112
135,20,350,13.43268,24.6204,38.03566,17.35535,0.5304968,0.4812572
136,20,360,13.12844,24.32684,37.43962,16.90303,0.5305152,0.4813007
137,20,370,12.83385,24.04226,36.8621,16.47363,0.5305329,0.481342
138,20,380,12.54848,23.76625,36.30229,16.06546,0.5305499,0.4813812
139,20,390,12.27193,23.49845,35.75942,15.67698,0.5305663,0.4814184
140,20,400,12.00382,23.23851,35.23277,15.30679,0.5305821,0.4814538
141,20,410,11.74379,22.98609,34.72164,14.95365,0.5305974,0.4814875
142,20,420,11.49152,22.7409,34.22539,14.6164,0.5306121,0.4815197
143,20,430,11.24668,22.50262,33.7434,14.29399,0.5306262,0.4815504
144,20,440,11.00898,22.27099,33.27509,13.98546,0.5306399,0.4815797
145,20,450,10.77812,22.04573,32.8199,13.68995,0.5306531,0.4816078
146,20,460,10.55384,21.82659,32.37732,13.40664,0.5306659,0.4816346
147,20,470,10.33588,21.61333,31.94685,13.13479,0.5306782,0.4816604
148,20,480,10.124,21.40572,31.52801,12.87373,0.5306902,0.4816851
149,20,490,9.917978,21.20356,31.12036,12.62282,0.5307017,0.4817088
150,20,500,9.717584,21.00662,30.72348,12.38149,0.5307129,0.4817316
151,20,510,9.522615,20.81472,30.33695,12.14919,0.5307237,0.4817535
152,20,520,9.332873,20.62768,29.9604,11.92544,0.5307342,0.4817746
153,20,530,9.148171,20.4453,29.59345,11.70976,0.5307444,0.4817949
154,20,540,8.968332,20.26744,29.23576,11.50174,0.5307543,0.4818145
155,20,550,8.793184,20.09391,28.887,11.30096,0.5307638,0.4818333
156,20,560,8.622567,19.92457,28.54684,11.10706,0.5307731,0.4818515
157,20,570,8.456326,19.75928,28.21499,10.91969,0.5307822,0.4818691
158,20,580,8.294314,19.59789,27.89115,10.73853,0.5307909,0.4818861
159,20,590,8.136392,19.44027,27.57506,10.56327,0.5307994,0.4819025
160,20,600,7.982427,19.28629,27.26644,10.39363,0.5308077,0.4819184
161,20,610,7.832289,19.13584,26.96504,10.22935,0.5308158,0.4819338
162,20,620,7.685859,18.98878,26.67063,10.07017,0.5308236,0.4819486
163,20,630,7.54302,18.84501,26.38297,9.915862,0.5308312,0.481963
164,20,640,7.40366,18.70443,26.10185,9.766207,0.5308386,0.481977
165,20,650,7.267673,18.56693,25.82704,9.620997,0.5308458,0.4819906
166,20,660,7.134959,18.43242,25.55836,9.480037,0.5308529,0.4820037
167,20,670,7.005419,18.30079,25.2956,9.343143,0.5308597,0.4820165
168,20,680,6.878962,18.17196,25.03857,9.210142,0.5308664,0.4820288
169,20,690,6.755498,18.04584,24.78711,9.08087,0.5308729,0.4820409
170,20,700,6.634942,17.92235,24.54104,8.955174,0.5308793,0.4820526
171,20,710,6.517212,17.80141,24.3002,8.832907,0.5308855,0.4820639
172,20,720,6.402231,17.68295,24.06442,8.713931,0.5308916,0.482075
173,20,730,6.289923,17.56688,23.83356,8.598115,0.5308975,0.4820857
174,20,740,6.180218,17.45314,23.60746,8.485335,0.5309032,0.4820962
175,20,750,6.073045,17.34165,23.386,8.375474,0.5309089,0.4821064
176,20,760,5.96834,17.23237,23.16903,8.268419,0.5309144,0.4821163
177,20,770,5.866039,17.12521,22.95643,8.164065,0.5309198,0.482126
178,20,780,5.766081,17.02012,22.74807,8.062312,0.530925,0.4821354
179,20,790,5.668408,16.91705,22.54383,7.963062,0.5309302,0.4821446
180,20,800,5.572964,16.81593,22.3436,7.866226,0.5309352,0.4821536
181,20,810,5.479695,16.71672,22.14726,7.771716,0.5309401,0.4821623
182,20,820,5.38855,16.61935,21.95471,7.67945,0.5309449,0.4821709
183,20,830,5.29948,16.52378,21.76584,7.589348,0.5309496,0.4821792
184,20,840,5.212436,16.42996,21.58055,7.501337,0.5309542,0.4821873
185,20,850,5.127373,16.33785,21.39875,7.415343,0.5309587,0.4821953
186,20,860,5.044247,16.24739,21.22035,7.331299,0.5309632,0.482203
187,20,870,4.963016,16.15855,21.04525,7.24914,0.5309675,0.4822106
188,20,880,4.88364,16.07128,20.87337,7.168802,0.5309717,0.482218
189,20,890,4.806078,15.98554,20.70462,7.090226,0.5309759,0.4822253
190,20,900,4.730294,15.90129,20.53893,7.013354,0.53098,0.4822324
191,20,910,4.656251,15.8185,20.37621,6.938133,0.530984,0.4822393
192,20,920,4.583915,15.73713,20.21639,6.864509,0.5309879,0.4822461
193,20,930,4.513251,15.65714,20.0594,6.792432,0.5309917,0.4822528
194,20,940,4.444228,15.57849,19.90516,6.721855,0.5309955,0.4822593
195,20,950,4.376815,15.50116,19.75362,6.65273,0.5309992,0.4822656
196,20,960,4.310981,15.42511,19.60469,6.585014,0.5310028,0.4822719
197,20,970,4.246698,15.35032,19.45833,6.518665,0.5310064,0.482278
198,20,980,4.183938,15.27674,19.31446,6.453641,0.5310098,0.482284
199,20,990,4.122674,15.20435,19.17303,6.389903,0.5310133,0.4822898
200,20,1000,4.06288,15.13313,19.03397,6.327413,0.5310166,0.4822956
201,30,10,35.65823,45.44484,80.96957,121.9093,0.8148993,0.6920257
202,30,20,34.3771,44.27414,78.52319,104.8415,0.8084202,0.6969073
203,30,30,33.16263,43.16089,76.20075,91.5087,0.8043067,0.700756
204,30,40,32.01073,42.10194,73.99502,80.94713,0.8016276,0.7037889
205,30,50,30.91751,41.09423,71.89905,72.43977,0.7998373,0.7062051
206,30,60,29.8793,40.13482,69.90622,65.47345,0.7986128,0.708158
207,30,70,28.89263,39.22088,68.01027,59.68201,0.797759,0.7097599
208,30,80,27.95427,38.34975,66.20529,54.80144,0.7971543,0.7110924
209,30,90,27.06117,37.51891,64.48573,50.63853,0.796721,0.712215
210,30,100,26.21052,36.72598,62.84639,47.04955,0.7964079,0.7131717
211,30,110,25.39967,35.96873,61.2824,43.92586,0.7961809,0.7139955
212,30,120,24.62617,35.24506,59.78923,41.18406,0.7960163,0.7147115
213,30,130,23.88774,34.55302,58.36264,38.75923,0.7958976,0.715339
214,30,140,23.18225,33.89078,56.99868,36.60015,0.7958131,0.7158929
215,30,150,22.50774,33.25661,55.69366,34.66593,0.7957543,0.7163853
216,30,160,21.86237,32.64893,54.44415,32.92356,0.7957149,0.7168257
217,30,170,21.24443,32.06623,53.24696,31.34614,0.7956904,0.7172217
218,30,180,20.65235,31.50712,52.09911,29.91151,0.7956772,0.7175796
219,30,190,20.08464,30.9703,50.99782,28.60127,0.7956727,0.7179045
220,30,200,19.53994,30.45454,49.94051,27.40005,0.795675,0.7182008
221,30,210,19.01696,29.95871,48.92476,26.29488,0.7956825,0.7184721
222,30,220,18.51451,29.48175,47.94831,25.27475,0.7956939,0.7187212
223,30,230,18.03149,29.02266,47.00907,24.33028,0.7957083,0.7189509
224,30,240,17.56685,28.58051,46.10506,23.45339,0.7957251,0.7191632
225,30,250,17.11964,28.15442,45.23446,22.63712,0.7957436,0.7193601
226,30,260,16.68894,27.74359,44.39553,21.87543,0.7957633,0.7195432
227,30,270,16.27391,27.34724,43.58667,21.16305,0.795784,0.7197137
228,30,280,15.87376,26.96466,42.80638,20.49535,0.7958053,0.7198731
229,30,290,15.48776,26.59518,42.05323,19.86829,0.7958269,0.7200223
230,30,300,15.1152,26.23816,41.32592,19.27828,0.7958488,0.7201622
231,30,310,14.75543,25.89301,40.62318,18.72214,0.7958708,0.7202938
232,30,320,14.40785,25.55917,39.94385,18.19704,0.7958927,0.7204176
233,30,330,14.07189,25.23611,39.28683,17.70047,0.7959144,0.7205345
234,30,340,13.747,24.92334,38.6511,17.23018,0.795936,0.7206448
235,30,350,13.43268,24.6204,38.03566,16.78413,0.7959573,0.7207493
236,30,360,13.12844,24.32684,37.43962,16.36051,0.7959783,0.7208483
237,30,370,12.83385,24.04226,36.8621,15.95767,0.7959989,0.7209422
238,30,380,12.54848,23.76625,36.30229,15.57413,0.7960192,0.7210315
239,30,390,12.27193,23.49845,35.75942,15.20853,0.7960391,0.7211164
240,30,400,12.00382,23.23851,35.23277,14.85966,0.7960585,0.7211972
241,30,410,11.74379,22.98609,34.72164,14.52638,0.7960776,0.7212744
242,30,420,11.49152,22.7409,34.22539,14.20768,0.7960963,0.721348
243,30,430,11.24668,22.50262,33.7434,13.90263,0.7961146,0.7214183
244,30,440,11.00898,22.27099,33.27509,13.61037,0.7961325,0.7214856
245,30,450,10.77812,22.04573,32.8199,13.33012,0.7961499,0.7215501
246,30,460,10.55384,21.82659,32.37732,13.06115,0.796167,0.7216118
247,30,470,10.33588,21.61333,31.94685,12.8028,0.7961837,0.7216711
248,30,480,10.124,21.40572,31.52801,12.55445,0.7961999,0.7217279
249,30,490,9.917978,21.20356,31.12036,12.31554,0.7962158,0.7217826
250,30,500,9.717584,21.00662,30.72348,12.08553,0.7962314,0.7218351
251,30,510,9.522615,20.81472,30.33695,11.86395,0.7962466,0.7218856
252,30,520,9.332873,20.62768,29.9604,11.65033,0.7962614,0.7219343
253,30,530,9.148171,20.4453,29.59345,11.44426,0.7962758,0.7219812
254,30,540,8.968332,20.26744,29.23576,11.24535,0.79629,0.7220265
255,30,550,8.793184,20.09391,28.887,11.05322,0.7963038,0.7220701
256,30,560,8.622567,19.92457,28.54684,10.86755,0.7963173,0.7221122
257,30,570,8.456326,19.75928,28.21499,10.688,0.7963305,0.7221529
258,30,580,8.294314,19.59789,27.89115,10.51429,0.7963433,0.7221923
259,30,590,8.136392,19.44027,27.57506,10.34614,0.7963559,0.7222303
260,30,600,7.982427,19.28629,27.26644,10.18327,0.7963682,0.7222671
261,30,610,7.832289,19.13584,26.96504,10.02546,0.7963803,0.7223028
262,30,620,7.685859,18.98878,26.67063,9.872462,0.796392,0.7223373
263,30,630,7.54302,18.84501,26.38297,9.724066,0.7964035,0.7223708
264,30,640,7.40366,18.70443,26.10185,9.580067,0.7964147,0.7224032
265,30,650,7.267673,18.56693,25.82704,9.440274,0.7964257,0.7224347
266,30,660,7.134959,18.43242,25.55836,9.304505,0.7964365,0.7224653
267,30,670,7.005419,18.30079,25.2956,9.17259,0.796447,0.7224949
268,30,680,6.878962,18.17196,25.03857,9.044367,0.7964573,0.7225237
269,30,690,6.755498,18.04584,24.78711,8.919685,0.7964674,0.7225517
270,30,700,6.634942,17.92235,24.54104,8.798398,0.7964772,0.722579
271,30,710,6.517212,17.80141,24.3002,8.680372,0.7964869,0.7226054
272,30,720,6.402231,17.68295,24.06442,8.565476,0.7964964,0.7226312
273,30,730,6.289923,17.56688,23.83356,8.453589,0.7965056,0.7226563
274,30,740,6.180218,17.45314,23.60746,8.344594,0.7965147,0.7226807
275,30,750,6.073045,17.34165,23.386,8.23838,0.7965236,0.7227044
276,30,760,5.96834,17.23237,23.16903,8.134844,0.7965323,0.7227276
277,30,770,5.866039,17.12521,22.95643,8.033886,0.7965408,0.7227502
278,30,780,5.766081,17.02012,22.74807,7.93541,0.7965492,0.7227722
279,30,790,5.668408,16.91705,22.54383,7.839328,0.7965574,0.7227936
280,30,800,5.572964,16.81593,22.3436,7.745552,0.7965654,0.7228146
281,30,810,5.479695,16.71672,22.14726,7.654002,0.7965733,0.722835
282,30,820,5.38855,16.61935,21.95471,7.5646,0.7965811,0.7228549
283,30,830,5.29948,16.52378,21.76584,7.47727,0.7965887,0.7228744
284,30,840,5.212436,16.42996,21.58055,7.391943,0.7965961,0.7228934
285,30,850,5.127373,16.33785,21.39875,7.308551,0.7966034,0.722912
286,30,860,5.044247,16.24739,21.22035,7.227028,0.7966106,0.7229302
287,30,870,4.963016,16.15855,21.04525,7.147313,0.7966176,0.7229479
288,30,880,4.88364,16.07128,20.87337,7.069347,0.7966245,0.7229653
289,30,890,4.806078,15.98554,20.70462,6.993073,0.7966313,0.7229822
290,30,900,4.730294,15.90129,20.53893,6.918438,0.796638,0.7229988
291,30,910,4.656251,15.8185,20.37621,6.845388,0.7966445,0.7230151
292,30,920,4.583915,15.73713,20.21639,6.773874,0.796651,0.723031
293,30,930,4.513251,15.65714,20.0594,6.70385,0.7966573,0.7230465
294,30,940,4.444228,15.57849,19.90516,6.635268,0.7966635,0.7230618
295,30,950,4.376815,15.50116,19.75362,6.568085,0.7966696,0.7230767
296,30,960,4.310981,15.42511,19.60469,6.502259,0.7966756,0.7230913
297,30,970,4.246698,15.35032,19.45833,6.43775,0.7966815,0.7231056
298,30,980,4.183938,15.27674,19.31446,6.374518,0.7966873,0.7231196
299,30,990,4.122674,15.20435,19.17303,6.312527,0.796693,0.7231334
300,30,1000,4.06288,15.13313,19.03397,6.25174,0.7966986,0.7231469
301,40,10,35.65823,45.44484,80.96957,95.51265,1.091626,0.9204399
302,40,20,34.3771,44.27414,78.52319,84.84901,1.083738,0.9258135
303,40,30,33.16263,43.16089,76.20075,76.03878,1.078156,0.9303384
304,40,40,32.01073,42.10194,73.99502,68.71643,1.074152,0.9341168
305,40,50,30.91751,41.09423,71.89905,62.5765,1.071235,0.9372771
306,40,60,29.8793,40.13482,69.90622,57.37765,1.069076,0.9399363
307,40,70,28.89263,39.22088,68.01027,52.93282,1.067456,0.9421916
308,40,80,27.95427,38.34975,66.20529,49.0976,1.066223,0.9441203
309,40,90,27.06117,37.51891,64.48573,45.76001,1.065275,0.9457837
310,40,100,26.21052,36.72598,62.84639,42.83263,1.064538,0.9472295
311,40,110,25.39967,35.96873,61.2824,40.24658,1.06396,0.9484956
312,40,120,24.62617,35.24506,59.78923,37.94708,1.063503,0.949612
313,40,130,23.88774,34.55302,58.36264,35.89015,1.063141,0.9506028
314,40,140,23.18225,33.89078,56.99868,34.04015,1.062852,0.9514872
315,40,150,22.50774,33.25661,55.69366,32.36794,1.06262,0.9522809
316,40,160,21.86237,32.64893,54.44415,30.84952,1.062435,0.9529967
317,40,170,21.24443,32.06623,53.24696,29.46494,1.062286,0.9536454
318,40,180,20.65235,31.50712,52.09911,28.1975,1.062166,0.9542356
319,40,190,20.08464,30.9703,50.99782,27.03314,1.062071,0.9547747
320,40,200,19.53994,30.45454,49.94051,25.95992,1.061995,0.955269
321,40,210,19.01696,29.95871,48.92476,24.96768,1.061935,0.9557238
322,40,220,18.51451,29.48175,47.94831,24.04767,1.061888,0.9561434
323,40,230,18.03149,29.02266,47.00907,23.19237,1.061852,0.9565317
324,40,240,17.56685,28.58051,46.10506,22.39524,1.061825,0.9568921
325,40,250,17.11964,28.15442,45.23446,21.65059,1.061805,0.9572274
326,40,260,16.68894,27.74359,44.39553,20.95346,1.061792,0.9575401
327,40,270,16.27391,27.34724,43.58667,20.29946,1.061784,0.9578324
328,40,280,15.87376,26.96466,42.80638,19.68476,1.06178,0.9581062
329,40,290,15.48776,26.59518,42.05323,19.10592,1.06178,0.9583632
330,40,300,15.1152,26.23816,41.32592,18.55994,1.061783,0.9586048
331,40,310,14.75543,25.89301,40.62318,18.0441,1.061789,0.9588324
332,40,320,14.40785,25.55917,39.94385,17.55599,1.061797,0.9590472
333,40,330,14.07189,25.23611,39.28683,17.09345,1.061806,0.9592501
334,40,340,13.747,24.92334,38.6511,16.65453,1.061817,0.9594422
335,40,350,13.43268,24.6204,38.03566,16.23748,1.061829,0.9596243
336,40,360,13.12844,24.32684,37.43962,15.84071,1.061842,0.9597971
337,40,370,12.83385,24.04226,36.8621,15.46279,1.061856,0.9599613
338,40,380,12.54848,23.76625,36.30229,15.10242,1.061871,0.9601175
339,40,390,12.27193,23.49845,35.75942,14.7584,1.061886,0.9602664
340,40,400,12.00382,23.23851,35.23277,14.42966,1.061901,0.9604083
341,40,410,11.74379,22.98609,34.72164,14.11519,1.061917,0.9605439
342,40,420,11.49152,22.7409,34.22539,13.81411,1.061933,0.9606734
343,40,430,11.24668,22.50262,33.7434,13.52557,1.06195,0.9607973
344,40,440,11.00898,22.27099,33.27509,13.24882,1.061966,0.960916
345,40,450,10.77812,22.04573,32.8199,12.98314,1.061982,0.9610297
346,40,460,10.55384,21.82659,32.37732,12.72789,1.061999,0.9611387
347,40,470,10.33588,21.61333,31.94685,12.48247,1.062015,0.9612435
348,40,480,10.124,21.40572,31.52801,12.24633,1.062032,0.9613441
349,40,490,9.917978,21.20356,31.12036,12.01896,1.062048,0.9614408
350,40,500,9.717584,21.00662,30.72348,11.79987,1.062064,0.9615339
351,40,510,9.522615,20.81472,30.33695,11.58862,1.06208,0.9616236
352,40,520,9.332873,20.62768,29.9604,11.38481,1.062096,0.9617099
353,40,530,9.148171,20.4453,29.59345,11.18805,1.062112,0.9617932
354,40,540,8.968332,20.26744,29.23576,10.99797,1.062127,0.9618736
355,40,550,8.793184,20.09391,28.887,10.81426,1.062142,0.9619512
356,40,560,8.622567,19.92457,28.54684,10.63659,1.062158,0.9620261
357,40,570,8.456326,19.75928,28.21499,10.46468,1.062173,0.9620986
358,40,580,8.294314,19.59789,27.89115,10.29824,1.062187,0.9621686
359,40,590,8.136392,19.44027,27.57506,10.13703,1.062202,0.9622365
360,40,600,7.982427,19.28629,27.26644,9.980809,1.062216,0.9623021
361,40,610,7.832289,19.13584,26.96504,9.82934,1.06223,0.9623657
362,40,620,7.685859,18.98878,26.67063,9.682416,1.062244,0.9624273
363,40,630,7.54302,18.84501,26.38297,9.539836,1.062258,0.9624871
364,40,640,7.40366,18.70443,26.10185,9.401411,1.062272,0.962545
365,40,650,7.267673,18.56693,25.82704,9.266964,1.062285,0.9626013
366,40,660,7.134959,18.43242,25.55836,9.136327,1.062298,0.9626559
367,40,670,7.005419,18.30079,25.2956,9.009341,1.062311,0.962709
368,40,680,6.878962,18.17196,25.03857,8.885857,1.062324,0.9627605
369,40,690,6.755498,18.04584,24.78711,8.765731,1.062336,0.9628106
370,40,700,6.634942,17.92235,24.54104,8.648831,1.062348,0.9628594
371,40,710,6.517212,17.80141,24.3002,8.535029,1.062361,0.9629068
372,40,720,6.402231,17.68295,24.06442,8.424203,1.062372,0.9629529
373,40,730,6.289923,17.56688,23.83356,8.316241,1.062384,0.9629979
374,40,740,6.180218,17.45314,23.60746,8.211032,1.062396,0.9630416
375,40,750,6.073045,17.34165,23.386,8.108474,1.062407,0.9630842
376,40,760,5.96834,17.23237,23.16903,8.008469,1.062418,0.9631258
377,40,770,5.866039,17.12521,22.95643,7.910923,1.062429,0.9631663
378,40,780,5.766081,17.02012,22.74807,7.815747,1.06244,0.9632058
379,40,790,5.668408,16.91705,22.54383,7.722857,1.062451,0.9632443
380,40,800,5.572964,16.81593,22.3436,7.632172,1.062461,0.9632819
381,40,810,5.479695,16.71672,22.14726,7.543615,1.062472,0.9633186
382,40,820,5.38855,16.61935,21.95471,7.457113,1.062482,0.9633545
383,40,830,5.29948,16.52378,21.76584,7.372595,1.062492,0.9633894
384,40,840,5.212436,16.42996,21.58055,7.289995,1.062501,0.9634236
385,40,850,5.127373,16.33785,21.39875,7.209249,1.062511,0.963457
386,40,860,5.044247,16.24739,21.22035,7.130296,1.062521,0.9634897
387,40,870,4.963016,16.15855,21.04525,7.053076,1.06253,0.9635216
388,40,880,4.88364,16.07128,20.87337,6.977535,1.062539,0.9635528
389,40,890,4.806078,15.98554,20.70462,6.903618,1.062548,0.9635834
390,40,900,4.730294,15.90129,20.53893,6.831275,1.062557,0.9636133
391,40,910,4.656251,15.8185,20.37621,6.760456,1.062566,0.9636425
392,40,920,4.583915,15.73713,20.21639,6.691113,1.062575,0.9636711
393,40,930,4.513251,15.65714,20.0594,6.623203,1.062583,0.9636991
394,40,940,4.444228,15.57849,19.90516,6.55668,1.062592,0.9637266
395,40,950,4.376815,15.50116,19.75362,6.491505,1.0626,0.9637535
396,40,960,4.310981,15.42511,19.60469,6.427635,1.062608,0.9637798
397,40,970,4.246698,15.35032,19.45833,6.365034,1.062616,0.9638056
398,40,980,4.183938,15.27674,19.31446,6.303664,1.062624,0.9638309
399,40,990,4.122674,15.20435,19.17303,6.24349,1.062632,0.9638557
400,40,1000,4.06288,15.13313,19.03397,6.184477,1.06264,0.96388
401,50,10,35.65823,45.44484,80.96957,78.41304,1.369206,1.14896
402,50,20,34.3771,44.27414,78.52319,71.14016,1.360313,1.15464
403,50,30,33.16263,43.16089,76.20075,64.91105,1.353582,1.15962
404,50,40,32.01073,42.10194,73.99502,59.56274,1.348448,1.163942
405,50,50,30.91751,41.09423,71.89905,54.94814,1.344494,1.167683
406,50,60,29.8793,40.13482,69.90622,50.94266,1.341417,1.170926
407,50,70,28.89263,39.22088,68.01027,47.44369,1.338998,1.173748
408,50,80,27.95427,38.34975,66.20529,44.36768,1.337078,1.176215
409,50,90,27.06117,37.51891,64.48573,41.64687,1.335539,1.178384
410,50,100,26.21052,36.72598,62.84639,39.2262,1.334296,1.180301
411,50,110,25.39967,35.96873,61.2824,37.06076,1.333283,1.182005
412,50,120,24.62617,35.24506,59.78923,35.11375,1.332454,1.183526
413,50,130,23.88774,34.55302,58.36264,33.35483,1.331769,1.184892
414,50,140,23.18225,33.89078,56.99868,31.75882,1.331202,1.186122
415,50,150,22.50774,33.25661,55.69366,30.3047,1.330729,1.187237
416,50,160,21.86237,32.64893,54.44415,28.97482,1.330333,1.18825
417,50,170,21.24443,32.06623,53.24696,27.75427,1.330001,1.189175
418,50,180,20.65235,31.50712,52.09911,26.63038,1.329721,1.190021
419,50,190,20.08464,30.9703,50.99782,25.59231,1.329484,1.190799
420,50,200,19.53994,30.45454,49.94051,24.63079,1.329284,1.191516
421,50,210,19.01696,29.95871,48.92476,23.73777,1.329115,1.192179
422,50,220,18.51451,29.48175,47.94831,22.9063,1.328971,1.192793
423,50,230,18.03149,29.02266,47.00907,22.13033,1.328849,1.193364
424,50,240,17.56685,28.58051,46.10506,21.40455,1.328746,1.193895
425,50,250,17.11964,28.15442,45.23446,20.7243,1.328658,1.194391
426,50,260,16.68894,27.74359,44.39553,20.0855,1.328584,1.194856
427,50,270,16.27391,27.34724,43.58667,19.48449,1.328522,1.195291
428,50,280,15.87376,26.96466,42.80638,18.91807,1.32847,1.1957
429,50,290,15.48776,26.59518,42.05323,18.38337,1.328426,1.196084
430,50,300,15.1152,26.23816,41.32592,17.87781,1.32839,1.196447
431,50,310,14.75543,25.89301,40.62318,17.39911,1.32836,1.196789
432,50,320,14.40785,25.55917,39.94385,16.9452,1.328337,1.197113
433,50,330,14.07189,25.23611,39.28683,16.51422,1.328317,1.197419
434,50,340,13.747,24.92334,38.6511,16.10449,1.328303,1.197709
435,50,350,13.43268,24.6204,38.03566,15.7145,1.328292,1.197985
436,50,360,13.12844,24.32684,37.43962,15.34286,1.328284,1.198247
437,50,370,12.83385,24.04226,36.8621,14.98831,1.328279,1.198497
438,50,380,12.54848,23.76625,36.30229,14.64972,1.328277,1.198735
439,50,390,12.27193,23.49845,35.75942,14.32605,1.328276,1.198962
440,50,400,12.00382,23.23851,35.23277,14.01633,1.328278,1.199178
441,50,410,11.74379,22.98609,34.72164,13.71968,1.328281,1.199385
442,50,420,11.49152,22.7409,34.22539,13.43531,1.328286,1.199583
443,50,430,11.24668,22.50262,33.7434,13.16248,1.328292,1.199773
444,50,440,11.00898,22.27099,33.27509,12.9005,1.3283,1.199955
445,50,450,10.77812,22.04573,32.8199,12.64874,1.328308,1.200129
446,50,460,10.55384,21.82659,32.37732,12.40663,1.328317,1.200297
447,50,470,10.33588,21.61333,31.94685,12.17361,1.328327,1.200458
448,50,480,10.124,21.40572,31.52801,11.9492,1.328337,1.200612
449,50,490,9.917978,21.20356,31.12036,11.73292,1.328348,1.200761
450,50,500,9.717584,21.00662,30.72348,11.52435,1.328359,1.200905
451,50,510,9.522615,20.81472,30.33695,11.32309,1.328371,1.201043
452,50,520,9.332873,20.62768,29.9604,11.12876,1.328383,1.201176
453,50,530,9.148171,20.4453,29.59345,10.94102,1.328396,1.201305
454,50,540,8.968332,20.26744,29.23576,10.75953,1.328408,1.201429
455,50,550,8.793184,20.09391,28.887,10.58399,1.328421,1.201549
456,50,560,8.622567,19.92457,28.54684,10.41412,1.328434,1.201665
457,50,570,8.456326,19.75928,28.21499,10.24965,1.328447,1.201777
458,50,580,8.294314,19.59789,27.89115,10.09032,1.328461,1.201886
459,50,590,8.136392,19.44027,27.57506,9.935912,1.328474,1.201991
460,50,600,7.982427,19.28629,27.26644,9.786191,1.328487,1.202092
461,50,610,7.832289,19.13584,26.96504,9.640951,1.328501,1.202191
462,50,620,7.685859,18.98878,26.67063,9.499997,1.328514,1.202287
463,50,630,7.54302,18.84501,26.38297,9.363144,1.328527,1.20238
464,50,640,7.40366,18.70443,26.10185,9.230217,1.32854,1.20247
465,50,650,7.267673,18.56693,25.82704,9.10105,1.328554,1.202557
466,50,660,7.134959,18.43242,25.55836,8.975489,1.328567,1.202642
467,50,670,7.005419,18.30079,25.2956,8.853386,1.32858,1.202724
468,50,680,6.878962,18.17196,25.03857,8.734602,1.328593,1.202805
469,50,690,6.755498,18.04584,24.78711,8.619004,1.328606,1.202883
470,50,700,6.634942,17.92235,24.54104,8.506468,1.328619,1.202959
471,50,710,6.517212,17.80141,24.3002,8.396875,1.328632,1.203032
472,50,720,6.402231,17.68295,24.06442,8.290111,1.328644,1.203104
473,50,730,6.289923,17.56688,23.83356,8.186071,1.328657,1.203174
474,50,740,6.180218,17.45314,23.60746,8.084653,1.328669,1.203243
475,50,750,6.073045,17.34165,23.386,7.98576,1.328682,1.203309
476,50,760,5.96834,17.23237,23.16903,7.889299,1.328694,1.203374
477,50,770,5.866039,17.12521,22.95643,7.795184,1.328706,1.203437
478,50,780,5.766081,17.02012,22.74807,7.70333,1.328718,1.203499
479,50,790,5.668408,16.91705,22.54383,7.61366,1.32873,1.203559
480,50,800,5.572964,16.81593,22.3436,7.526095,1.328742,1.203618
481,50,810,5.479695,16.71672,22.14726,7.440565,1.328753,1.203675
482,50,820,5.38855,16.61935,21.95471,7.357,1.328765,1.203731
483,50,830,5.29948,16.52378,21.76584,7.275334,1.328776,1.203786
484,50,840,5.212436,16.42996,21.58055,7.195504,1.328787,1.203839
485,50,850,5.127373,16.33785,21.39875,7.11745,1.328798,1.203892
486,50,860,5.044247,16.24739,21.22035,7.041114,1.328809,1.203943
487,50,870,4.963016,16.15855,21.04525,6.96644,1.32882,1.203993
488,50,880,4.88364,16.07128,20.87337,6.893376,1.328831,1.204042
489,50,890,4.806078,15.98554,20.70462,6.821871,1.328841,1.204089
490,50,900,4.730294,15.90129,20.53893,6.751877,1.328852,1.204136
491,50,910,4.656251,15.8185,20.37621,6.683346,1.328862,1.204182
492,50,920,4.583915,15.73713,20.21639,6.616235,1.328872,1.204227
493,50,930,4.513251,15.65714,20.0594,6.5505,1.328883,1.204271
494,50,940,4.444228,15.57849,19.90516,6.4861,1.328893,1.204314
495,50,950,4.376815,15.50116,19.75362,6.422996,1.328902,1.204356
496,50,960,4.310981,15.42511,19.60469,6.361149,1.328912,1.204397
497,50,970,4.246698,15.35032,19.45833,6.300523,1.328922,1.204438
498,50,980,4.183938,15.27674,19.31446,6.241083,1.328931,1.204477
499,50,990,4.122674,15.20435,19.17303,6.182795,1.328941,1.204516
500,50,1000,4.06288,15.13313,19.03397,6.125626,1.32895,1.204554
501,60,10,35.65823,45.44484,80.96957,66.42616,1.647626,1.377672
502,60,20,34.3771,44.27414,78.52319,61.15893,1.637978,1.383558
503,60,30,33.16263,43.16089,76.20075,56.53402,1.630334,1.388861
504,60,40,32.01073,42.10194,73.99502,52.46968,1.624249,1.393587
505,60,50,30.91751,41.09423,71.89905,48.88811,1.619375,1.397781
506,60,60,29.8793,40.13482,69.90622,45.71998,1.615443,1.4015
507,60,70,28.89263,39.22088,68.01027,42.90549,1.612248,1.404802
508,60,80,27.95427,38.34975,66.20529,40.39393,1.609632,1.407741
509,60,90,27.06117,37.51891,64.48573,38.14261,1.607475,1.410366
510,60,100,26.21052,36.72598,62.84639,36.11572,1.605685,1.412719
511,60,110,25.39967,35.96873,61.2824,34.28319,1.60419,1.414836
512,60,120,24.62617,35.24506,59.78923,32.61974,1.602934,1.416748
513,60,130,23.88774,34.55302,58.36264,31.10403,1.601873,1.418481
514,60,140,23.18225,33.89078,56.99868,29.718,1.600973,1.420057
515,60,150,22.50774,33.25661,55.69366,28.44629,1.600205,1.421496
516,60,160,21.86237,32.64893,54.44415,27.27578,1.599548,1.422813
517,60,170,21.24443,32.06623,53.24696,26.19521,1.598983,1.424023
518,60,180,20.65235,31.50712,52.09911,25.19488,1.598496,1.425138
519,60,190,20.08464,30.9703,50.99782,24.2664,1.598075,1.426168
520,60,200,19.53994,30.45454,49.94051,23.40248,1.597709,1.427121
521,60,210,19.01696,29.95871,48.92476,22.59677,1.597392,1.428007
522,60,220,18.51451,29.48175,47.94831,21.84369,1.597115,1.428831
523,60,230,18.03149,29.02266,47.00907,21.13836,1.596873,1.4296
524,60,240,17.56685,28.58051,46.10506,20.47645,1.596661,1.430319
525,60,250,17.11964,28.15442,45.23446,19.85415,1.596476,1.430992
526,60,260,16.68894,27.74359,44.39553,19.26806,1.596313,1.431624
527,60,270,16.27391,27.34724,43.58667,18.71517,1.596171,1.432218
528,60,280,15.87376,26.96466,42.80638,18.19277,1.596046,1.432777
529,60,290,15.48776,26.59518,42.05323,17.69845,1.595936,1.433305
530,60,300,15.1152,26.23816,41.32592,17.23003,1.595839,1.433803
531,60,310,14.75543,25.89301,40.62318,16.78556,1.595755,1.434274
532,60,320,14.40785,25.55917,39.94385,16.36327,1.59568,1.434721
533,60,330,14.07189,25.23611,39.28683,15.96157,1.595615,1.435145
534,60,340,13.747,24.92334,38.6511,15.57901,1.595558,1.435547
535,60,350,13.43268,24.6204,38.03566,15.21426,1.595509,1.43593
536,60,360,13.12844,24.32684,37.43962,14.86612,1.595466,1.436295
537,60,370,12.83385,24.04226,36.8621,14.53351,1.595428,1.436642
538,60,380,12.54848,23.76625,36.30229,14.21541,1.595396,1.436974
539,60,390,12.27193,23.49845,35.75942,13.91092,1.595368,1.437291
540,60,400,12.00382,23.23851,35.23277,13.61917,1.595345,1.437593
541,60,410,11.74379,22.98609,34.72164,13.33941,1.595325,1.437883
542,60,420,11.49152,22.7409,34.22539,13.07091,1.595308,1.438161
543,60,430,11.24668,22.50262,33.7434,12.81302,1.595294,1.438427
544,60,440,11.00898,22.27099,33.27509,12.56513,1.595283,1.438682
545,60,450,10.77812,22.04573,32.8199,12.32667,1.595275,1.438928
546,60,460,10.55384,21.82659,32.37732,12.09712,1.595268,1.439163
547,60,470,10.33588,21.61333,31.94685,11.876,1.595264,1.43939
548,60,480,10.124,21.40572,31.52801,11.66285,1.595261,1.439608
549,60,490,9.917978,21.20356,31.12036,11.45726,1.595259,1.439818
550,60,500,9.717584,21.00662,30.72348,11.25885,1.595259,1.440021
551,60,510,9.522615,20.81472,30.33695,11.06723,1.595261,1.440216
552,60,520,9.332873,20.62768,29.9604,10.88208,1.595263,1.440405
553,60,530,9.148171,20.4453,29.59345,10.70308,1.595267,1.440587
554,60,540,8.968332,20.26744,29.23576,10.52992,1.595271,1.440763
555,60,550,8.793184,20.09391,28.887,10.36234,1.595276,1.440933
556,60,560,8.622567,19.92457,28.54684,10.20007,1.595282,1.441097
557,60,570,8.456326,19.75928,28.21499,10.04286,1.595289,1.441256
558,60,580,8.294314,19.59789,27.89115,9.890483,1.595296,1.44141
559,60,590,8.136392,19.44027,27.57506,9.742726,1.595304,1.44156
560,60,600,7.982427,19.28629,27.26644,9.599383,1.595312,1.441704
561,60,610,7.832289,19.13584,26.96504,9.460261,1.595321,1.441845
562,60,620,7.685859,18.98878,26.67063,9.32518,1.59533,1.441981
563,60,630,7.54302,18.84501,26.38297,9.193969,1.59534,1.442113
564,60,640,7.40366,18.70443,26.10185,9.066465,1.595349,1.442241
565,60,650,7.267673,18.56693,25.82704,8.942517,1.595359,1.442366
566,60,660,7.134959,18.43242,25.55836,8.821979,1.595369,1.442487
567,60,670,7.005419,18.30079,25.2956,8.704716,1.59538,1.442604
568,60,680,6.878962,18.17196,25.03857,8.590597,1.59539,1.442719
569,60,690,6.755498,18.04584,24.78711,8.4795,1.595401,1.44283
570,60,700,6.634942,17.92235,24.54104,8.371308,1.595412,1.442939
571,60,710,6.517212,17.80141,24.3002,8.265911,1.595423,1.443044
572,60,720,6.402231,17.68295,24.06442,8.163203,1.595434,1.443147
573,60,730,6.289923,17.56688,23.83356,8.063085,1.595445,1.443247
574,60,740,6.180218,17.45314,23.60746,7.965462,1.595456,1.443345
575,60,750,6.073045,17.34165,23.386,7.870242,1.595467,1.44344
576,60,760,5.96834,17.23237,23.16903,7.777341,1.595479,1.443533
577,60,770,5.866039,17.12521,22.95643,7.686676,1.59549,1.443623
578,60,780,5.766081,17.02012,22.74807,7.598168,1.595501,1.443711
579,60,790,5.668408,16.91705,22.54383,7.511743,1.595512,1.443798
580,60,800,5.572964,16.81593,22.3436,7.42733,1.595524,1.443882
581,60,810,5.479695,16.71672,22.14726,7.344861,1.595535,1.443964
582,60,820,5.38855,16.61935,21.95471,7.26427,1.595546,1.444044
583,60,830,5.29948,16.52378,21.76584,7.185495,1.595557,1.444123
584,60,840,5.212436,16.42996,21.58055,7.108478,1.595568,1.444199
585,60,850,5.127373,16.33785,21.39875,7.033161,1.59558,1.444274
586,60,860,5.044247,16.24739,21.22035,6.959489,1.595591,1.444348
587,60,870,4.963016,16.15855,21.04525,6.887411,1.595602,1.444419
588,60,880,4.88364,16.07128,20.87337,6.816876,1.595612,1.444489
589,60,890,4.806078,15.98554,20.70462,6.747837,1.595623,1.444558
590,60,900,4.730294,15.90129,20.53893,6.680247,1.595634,1.444625
591,60,910,4.656251,15.8185,20.37621,6.614063,1.595645,1.444691
592,60,920,4.583915,15.73713,20.21639,6.549241,1.595656,1.444756
593,60,930,4.513251,15.65714,20.0594,6.485742,1.595666,1.444819
594,60,940,4.444228,15.57849,19.90516,6.423527,1.595677,1.444881
595,60,950,4.376815,15.50116,19.75362,6.362557,1.595687,1.444941
596,60,960,4.310981,15.42511,19.60469,6.302797,1.595698,1.445
597,60,970,4.246698,15.35032,19.45833,6.244211,1.595708,1.445059
598,60,980,4.183938,15.27674,19.31446,6.186768,1.595718,1.445116
599,60,990,4.122674,15.20435,19.17303,6.130433,1.595728,1.445172
600,60,1000,4.06288,15.13313,19.03397,6.075177,1.595738,1.445227
601,70,10,35.65823,45.44484,80.96957,57.54885,1.926945,1.606634
602,70,20,34.3771,44.27414,78.52319,53.56424,1.916706,1.612669
603,70,30,33.16263,43.16089,76.20075,50.00163,1.908319,1.618209
604,70,40,32.01073,42.10194,73.99502,46.81617,1.90143,1.623244
605,70,50,30.91751,41.09423,71.89905,43.96353,1.895748,1.627796
606,70,60,29.8793,40.13482,69.90622,41.40268,1.891036,1.631904
607,70,70,28.89263,39.22088,68.01027,39.09696,1.887109,1.63561
608,70,80,27.95427,38.34975,66.20529,37.01426,1.883818,1.638957
609,70,90,27.06117,37.51891,64.48573,35.12672,1.881044,1.641987
610,70,100,26.21052,36.72598,62.84639,33.41034,1.878695,1.644734
611,70,110,25.39967,35.96873,61.2824,31.84448,1.876694,1.647233
612,70,120,24.62617,35.24506,59.78923,30.4114,1.874982,1.649511
613,70,130,23.88774,34.55302,58.36264,29.09584,1.87351,1.651594
614,70,140,23.18225,33.89078,56.99868,27.88463,1.87224,1.653504
615,70,150,22.50774,33.25661,55.69366,26.76638,1.871139,1.655261
616,70,160,21.86237,32.64893,54.44415,25.73123,1.870181,1.656879
617,70,170,21.24443,32.06623,53.24696,24.7706,1.869345,1.658375
618,70,180,20.65235,31.50712,52.09911,23.877,1.868613,1.659761
619,70,190,20.08464,30.9703,50.99782,23.04388,1.86797,1.661047
620,70,200,19.53994,30.45454,49.94051,22.2655,1.867404,1.662244
621,70,210,19.01696,29.95871,48.92476,21.53677,1.866903,1.663361
622,70,220,18.51451,29.48175,47.94831,20.85322,1.866461,1.664404
623,70,230,18.03149,29.02266,47.00907,20.21089,1.866068,1.66538
624,70,240,17.56685,28.58051,46.10506,19.60624,1.865718,1.666297
625,70,250,17.11964,28.15442,45.23446,19.03614,1.865407,1.667157
626,70,260,16.68894,27.74359,44.39553,18.49775,1.86513,1.667968
627,70,270,16.27391,27.34724,43.58667,17.98858,1.864882,1.668731
628,70,280,15.87376,26.96466,42.80638,17.50634,1.86466,1.669452
629,70,290,15.48776,26.59518,42.05323,17.049,1.864461,1.670134
630,70,300,15.1152,26.23816,41.32592,16.61472,1.864283,1.67078
631,70,310,14.75543,25.89301,40.62318,16.20182,1.864123,1.671392
632,70,320,14.40785,25.55917,39.94385,15.8088,1.86398,1.671973
633,70,330,14.07189,25.23611,39.28683,15.43428,1.86385,1.672525
634,70,340,13.747,24.92334,38.6511,15.077,1.863734,1.673051
635,70,350,13.43268,24.6204,38.03566,14.73582,1.86363,1.673552
636,70,360,13.12844,24.32684,37.43962,14.40969,1.863536,1.674029
637,70,370,12.83385,24.04226,36.8621,14.09767,1.863452,1.674485
638,70,380,12.54848,23.76625,36.30229,13.79885,1.863376,1.674921
639,70,390,12.27193,23.49845,35.75942,13.51245,1.863308,1.675337
640,70,400,12.00382,23.23851,35.23277,13.23771,1.863247,1.675736
641,70,410,11.74379,22.98609,34.72164,12.97394,1.863192,1.676118
642,70,420,11.49152,22.7409,34.22539,12.72052,1.863142,1.676485
643,70,430,11.24668,22.50262,33.7434,12.47685,1.863098,1.676837
644,70,440,11.00898,22.27099,33.27509,12.24239,1.863059,1.677175
645,70,450,10.77812,22.04573,32.8199,12.01664,1.863024,1.6775
646,70,460,10.55384,21.82659,32.37732,11.79913,1.862993,1.677812
647,70,470,10.33588,21.61333,31.94685,11.58942,1.862965,1.678113
648,70,480,10.124,21.40572,31.52801,11.38711,1.862941,1.678403
649,70,490,9.917978,21.20356,31.12036,11.19182,1.862919,1.678683
650,70,500,9.717584,21.00662,30.72348,11.0032,1.862901,1.678952
651,70,510,9.522615,20.81472,30.33695,10.82091,1.862884,1.679212
652,70,520,9.332873,20.62768,29.9604,10.64465,1.86287,1.679463
653,70,530,9.148171,20.4453,29.59345,10.47412,1.862858,1.679706
654,70,540,8.968332,20.26744,29.23576,10.30907,1.862848,1.679941
655,70,550,8.793184,20.09391,28.887,10.14923,1.86284,1.680168
656,70,560,8.622567,19.92457,28.54684,9.994363,1.862833,1.680388
657,70,570,8.456326,19.75928,28.21499,9.844248,1.862828,1.680601
658,70,580,8.294314,19.59789,27.89115,9.698671,1.862824,1.680807
659,70,590,8.136392,19.44027,27.57506,9.557434,1.862821,1.681007
660,70,600,7.982427,19.28629,27.26644,9.42035,1.86282,1.6812
661,70,610,7.832289,19.13584,26.96504,9.287241,1.862819,1.681388
662,70,620,7.685859,18.98878,26.67063,9.157941,1.862819,1.681571
663,70,630,7.54302,18.84501,26.38297,9.032291,1.862821,1.681748
664,70,640,7.40366,18.70443,26.10185,8.910142,1.862823,1.68192
665,70,650,7.267673,18.56693,25.82704,8.791353,1.862826,1.682088
666,70,660,7.134959,18.43242,25.55836,8.675789,1.862829,1.68225
667,70,670,7.005419,18.30079,25.2956,8.563325,1.862833,1.682409
668,70,680,6.878962,18.17196,25.03857,8.45384,1.862838,1.682562
669,70,690,6.755498,18.04584,24.78711,8.347219,1.862843,1.682712
670,70,700,6.634942,17.92235,24.54104,8.243353,1.862848,1.682858
671,70,710,6.517212,17.80141,24.3002,8.142141,1.862854,1.683
672,70,720,6.402231,17.68295,24.06442,8.043484,1.862861,1.683139
673,70,730,6.289923,17.56688,23.83356,7.947288,1.862868,1.683273
674,70,740,6.180218,17.45314,23.60746,7.853465,1.862875,1.683405
675,70,750,6.073045,17.34165,23.386,7.761931,1.862882,1.683533
676,70,760,5.96834,17.23237,23.16903,7.672604,1.86289,1.683658
677,70,770,5.866039,17.12521,22.95643,7.585407,1.862898,1.68378
678,70,780,5.766081,17.02012,22.74807,7.500268,1.862906,1.6839
679,70,790,5.668408,16.91705,22.54383,7.417116,1.862914,1.684016
680,70,800,5.572964,16.81593,22.3436,7.335885,1.862923,1.68413
681,70,810,5.479695,16.71672,22.14726,7.256509,1.862932,1.684241
682,70,820,5.38855,16.61935,21.95471,7.178929,1.86294,1.684349
683,70,830,5.29948,16.52378,21.76584,7.103085,1.862949,1.684455
684,70,840,5.212436,16.42996,21.58055,7.028922,1.862959,1.684559
685,70,850,5.127373,16.33785,21.39875,6.956386,1.862968,1.68466
686,70,860,5.044247,16.24739,21.22035,6.885425,1.862977,1.684759
687,70,870,4.963016,16.15855,21.04525,6.815991,1.862987,1.684856
688,70,880,4.88364,16.07128,20.87337,6.748035,1.862996,1.684951
689,70,890,4.806078,15.98554,20.70462,6.681514,1.863005,1.685044
690,70,900,4.730294,15.90129,20.53893,6.616382,1.863015,1.685135
691,70,910,4.656251,15.8185,20.37621,6.552599,1.863025,1.685225
692,70,920,4.583915,15.73713,20.21639,6.490125,1.863034,1.685312
693,70,930,4.513251,15.65714,20.0594,6.42892,1.863044,1.685397
694,70,940,4.444228,15.57849,19.90516,6.368948,1.863054,1.685481
695,70,950,4.376815,15.50116,19.75362,6.310173,1.863063,1.685563
696,70,960,4.310981,15.42511,19.60469,6.252562,1.863073,1.685644
697,70,970,4.246698,15.35032,19.45833,6.19608,1.863083,1.685723
698,70,980,4.183938,15.27674,19.31446,6.140696,1.863092,1.6858
699,70,990,4.122674,15.20435,19.17303,6.08638,1.863102,1.685876
700,70,1000,4.06288,15.13313,19.03397,6.033102,1.863112,1.68595
701,80,10,35.65823,45.44484,80.96957,50.70275,2.207251,1.835893
702,80,20,34.3771,44.27414,78.52319,47.58731,2.196531,1.84204
703,80,30,33.16263,43.16089,76.20075,44.76339,2.187527,1.847761
704,80,40,32.01073,42.10194,73.99502,42.20457,2.17995,1.853037
705,80,50,30.91751,41.09423,71.89905,39.88404,2.173556,1.857877
706,80,60,29.8793,40.13482,69.90622,37.77623,2.16814,1.862305
707,80,70,28.89263,39.22088,68.01027,35.85769,2.163534,1.866352
708,80,80,27.95427,38.34975,66.20529,34.10731,2.159601,1.870052
709,80,90,27.06117,37.51891,64.48573,32.50633,2.156227,1.873437
710,80,100,26.21052,36.72598,62.84639,31.03824,2.153322,1.876538
711,80,110,25.39967,35.96873,61.2824,29.68853,2.150809,1.879384
712,80,120,24.62617,35.24506,59.78923,28.44451,2.148627,1.882001
713,80,130,23.88774,34.55302,58.36264,27.29506,2.146725,1.884413
714,80,140,23.18225,33.89078,56.99868,26.23044,2.145061,1.88664
715,80,150,22.50774,33.25661,55.69366,25.2421,2.1436,1.888701
716,80,160,21.86237,32.64893,54.44415,24.32255,2.142314,1.890612
717,80,170,21.24443,32.06623,53.24696,23.46517,2.141177,1.892388
718,80,180,20.65235,31.50712,52.09911,22.66414,2.140171,1.894041
719,80,190,20.08464,30.9703,50.99782,21.91431,2.139276,1.895583
720,80,200,19.53994,30.45454,49.94051,21.21109,2.138479,1.897025
721,80,210,19.01696,29.95871,48.92476,20.55043,2.137767,1.898374
722,80,220,18.51451,29.48175,47.94831,19.92871,2.13713,1.89964
723,80,230,18.03149,29.02266,47.00907,19.34268,2.136559,1.90083
724,80,240,17.56685,28.58051,46.10506,18.78947,2.136045,1.901949
725,80,250,17.11964,28.15442,45.23446,18.26645,2.135583,1.903004
726,80,260,16.68894,27.74359,44.39553,17.7713,2.135166,1.903999
727,80,270,16.27391,27.34724,43.58667,17.30191,2.134789,1.90494
728,80,280,15.87376,26.96466,42.80638,16.85636,2.134448,1.905831
729,80,290,15.48776,26.59518,42.05323,16.43294,2.134139,1.906675
730,80,300,15.1152,26.23816,41.32592,16.03006,2.133859,1.907477
731,80,310,14.75543,25.89301,40.62318,15.64632,2.133604,1.908238
732,80,320,14.40785,25.55917,39.94385,15.2804,2.133373,1.908962
733,80,330,14.07189,25.23611,39.28683,14.93113,2.133162,1.909651
734,80,340,13.747,24.92334,38.6511,14.59741,2.13297,1.910308
735,80,350,13.43268,24.6204,38.03566,14.27826,2.132794,1.910935
736,80,360,13.12844,24.32684,37.43962,13.97275,2.132634,1.911535
737,80,370,12.83385,24.04226,36.8621,13.68006,2.132488,1.912107
738,80,380,12.54848,23.76625,36.30229,13.39941,2.132355,1.912655
739,80,390,12.27193,23.49845,35.75942,13.13009,2.132232,1.91318
740,80,400,12.00382,23.23851,35.23277,12.87143,2.132121,1.913684
741,80,410,11.74379,22.98609,34.72164,12.62284,2.132019,1.914166
742,80,420,11.49152,22.7409,34.22539,12.38374,2.131925,1.91463
743,80,430,11.24668,22.50262,33.7434,12.15363,2.13184,1.915075
744,80,440,11.00898,22.27099,33.27509,11.932,2.131761,1.915504
745,80,450,10.77812,22.04573,32.8199,11.7184,2.131689,1.915916
746,80,460,10.55384,21.82659,32.37732,11.51243,2.131624,1.916313
747,80,470,10.33588,21.61333,31.94685,11.31368,2.131564,1.916695
748,80,480,10.124,21.40572,31.52801,11.1218,2.131509,1.917064
749,80,490,9.917978,21.20356,31.12036,10.93643,2.131459,1.91742
750,80,500,9.717584,21.00662,30.72348,10.75726,2.131413,1.917764
751,80,510,9.522615,20.81472,30.33695,10.584,2.131371,1.918095
752,80,520,9.332873,20.62768,29.9604,10.41635,2.131333,1.918416
753,80,530,9.148171,20.4453,29.59345,10.25407,2.131299,1.918726
754,80,540,8.968332,20.26744,29.23576,10.09689,2.131267,1.919026
755,80,550,8.793184,20.09391,28.887,9.94459,2.131239,1.919317
756,80,560,8.622567,19.92457,28.54684,9.796952,2.131213,1.919598
757,80,570,8.456326,19.75928,28.21499,9.653768,2.131189,1.91987
758,80,580,8.294314,19.59789,27.89115,9.514846,2.131168,1.920135
759,80,590,8.136392,19.44027,27.57506,9.380002,2.131149,1.920391
760,80,600,7.982427,19.28629,27.26644,9.249063,2.131133,1.92064
761,80,610,7.832289,19.13584,26.96504,9.121868,2.131117,1.920881
762,80,620,7.685859,18.98878,26.67063,8.998261,2.131104,1.921115
763,80,630,7.54302,18.84501,26.38297,8.878097,2.131092,1.921343
764,80,640,7.40366,18.70443,26.10185,8.761237,2.131082,1.921564
765,80,650,7.267673,18.56693,25.82704,8.647552,2.131073,1.92178
766,80,660,7.134959,18.43242,25.55836,8.536917,2.131065,1.921989
767,80,670,7.005419,18.30079,25.2956,8.429214,2.131059,1.922193
768,80,680,6.878962,18.17196,25.03857,8.324332,2.131054,1.922391
769,80,690,6.755498,18.04584,24.78711,8.222163,2.131049,1.922584
770,80,700,6.634942,17.92235,24.54104,8.122609,2.131046,1.922772
771,80,710,6.517212,17.80141,24.3002,8.025572,2.131043,1.922955
772,80,720,6.402231,17.68295,24.06442,7.93096,2.131042,1.923134
773,80,730,6.289923,17.56688,23.83356,7.838688,2.131041,1.923308
774,80,740,6.180218,17.45314,23.60746,7.748672,2.131041,1.923478
775,80,750,6.073045,17.34165,23.386,7.660833,2.131041,1.923643
776,80,760,5.96834,17.23237,23.16903,7.575095,2.131042,1.923805
777,80,770,5.866039,17.12521,22.95643,7.491386,2.131044,1.923963
778,80,780,5.766081,17.02012,22.74807,7.409638,2.131046,1.924117
779,80,790,5.668408,16.91705,22.54383,7.329785,2.131049,1.924268
780,80,800,5.572964,16.81593,22.3436,7.251764,2.131052,1.924415
781,80,810,5.479695,16.71672,22.14726,7.175515,2.131056,1.924558
782,80,820,5.38855,16.61935,21.95471,7.100981,2.13106,1.924699
783,80,830,5.29948,16.52378,21.76584,7.028105,2.131064,1.924836
784,80,840,5.212436,16.42996,21.58055,6.956836,2.131069,1.92497
785,80,850,5.127373,16.33785,21.39875,6.887123,2.131074,1.925102
786,80,860,5.044247,16.24739,21.22035,6.818918,2.131079,1.92523
787,80,870,4.963016,16.15855,21.04525,6.752174,2.131085,1.925356
788,80,880,4.88364,16.07128,20.87337,6.686846,2.131091,1.925479
789,80,890,4.806078,15.98554,20.70462,6.622892,2.131097,1.9256
790,80,900,4.730294,15.90129,20.53893,6.56027,2.131103,1.925718
791,80,910,4.656251,15.8185,20.37621,6.498941,2.13111,1.925833
792,80,920,4.583915,15.73713,20.21639,6.438868,2.131117,1.925947
793,80,930,4.513251,15.65714,20.0594,6.380012,2.131124,1.926058
794,80,940,4.444228,15.57849,19.90516,6.322341,2.131131,1.926166
795,80,950,4.376815,15.50116,19.75362,6.265819,2.131138,1.926273
796,80,960,4.310981,15.42511,19.60469,6.210414,2.131145,1.926378
797,80,970,4.246698,15.35032,19.45833,6.156095,2.131153,1.92648
798,80,980,4.183938,15.27674,19.31446,6.102831,2.13116,1.926581
799,80,990,4.122674,15.20435,19.17303,6.050595,2.131168,1.926679
800,80,1000,4.06288,15.13313,19.03397,5.999357,2.131176,1.926776
801,90,10,35.65823,45.44484,80.96957,45.25619,2.488642,2.065489
802,90,20,34.3771,44.27414,78.52319,42.75668,2.477519,2.071723
803,90,30,33.16263,43.16089,76.20075,40.4667,2.467991,2.077587
804,90,40,32.01073,42.10194,73.99502,38.36979,2.459818,2.083056
805,90,50,30.91751,41.09423,71.89905,36.44887,2.452794,2.088131
806,90,60,29.8793,40.13482,69.90622,34.68733,2.446741,2.092826
807,90,70,28.89263,39.22088,68.01027,33.06959,2.441509,2.097162
808,90,80,27.95427,38.34975,66.20529,31.58131,2.436972,2.101165
809,90,90,27.06117,37.51891,64.48573,30.20952,2.433023,2.104862
810,90,100,26.21052,36.72598,62.84639,28.94256,2.429576,2.108279
811,90,110,25.39967,35.96873,61.2824,27.77003,2.426556,2.11144
812,90,120,24.62617,35.24506,59.78923,26.68267,2.423901,2.114368
813,90,130,23.88774,34.55302,58.36264,25.67225,2.421559,2.117085
814,90,140,23.18225,33.89078,56.99868,24.73146,2.419489,2.11961
815,90,150,22.50774,33.25661,55.69366,23.85381,2.417651,2.12196
816,90,160,21.86237,32.64893,54.44415,23.03353,2.416016,2.12415
817,90,170,21.24443,32.06623,53.24696,22.26549,2.414558,2.126196
818,90,180,20.65235,31.50712,52.09911,21.54509,2.413254,2.12811
819,90,190,20.08464,30.9703,50.99782,20.86827,2.412084,2.129903
820,90,200,19.53994,30.45454,49.94051,20.23135,2.411032,2.131586
821,90,210,19.01696,29.95871,48.92476,19.63106,2.410085,2.133167
822,90,220,18.51451,29.48175,47.94831,19.06445,2.409231,2.134656
823,90,230,18.03149,29.02266,47.00907,18.52889,2.408457,2.136059
824,90,240,17.56685,28.58051,46.10506,18.02196,2.407756,2.137384
825,90,250,17.11964,28.15442,45.23446,17.54153,2.40712,2.138635
826,90,260,16.68894,27.74359,44.39553,17.08564,2.406542,2.13982
827,90,270,16.27391,27.34724,43.58667,16.65251,2.406015,2.140943
828,90,280,15.87376,26.96466,42.80638,16.24053,2.405534,2.142009
829,90,290,15.48776,26.59518,42.05323,15.84825,2.405095,2.143021
830,90,300,15.1152,26.23816,41.32592,15.47432,2.404693,2.143983
831,90,310,14.75543,25.89301,40.62318,15.11752,2.404325,2.144899
832,90,320,14.40785,25.55917,39.94385,14.77674,2.403987,2.145772
833,90,330,14.07189,25.23611,39.28683,14.45095,2.403677,2.146605
834,90,340,13.747,24.92334,38.6511,14.13922,2.403392,2.147401
835,90,350,13.43268,24.6204,38.03566,13.84066,2.40313,2.148161
836,90,360,13.12844,24.32684,37.43962,13.5545,2.402889,2.148889
837,90,370,12.83385,24.04226,36.8621,13.27999,2.402666,2.149585
838,90,380,12.54848,23.76625,36.30229,13.01646,2.402461,2.150252
839,90,390,12.27193,23.49845,35.75942,12.76328,2.402271,2.150893
840,90,400,12.00382,23.23851,35.23277,12.51987,2.402096,2.151507
841,90,410,11.74379,22.98609,34.72164,12.28568,2.401934,2.152097
842,90,420,11.49152,22.7409,34.22539,12.06022,2.401784,2.152665
843,90,430,11.24668,22.50262,33.7434,11.84302,2.401646,2.15321
844,90,440,11.00898,22.27099,33.27509,11.63365,2.401517,2.153736
845,90,450,10.77812,22.04573,32.8199,11.4317,2.401398,2.154242
846,90,460,10.55384,21.82659,32.37732,11.23679,2.401288,2.15473
847,90,470,10.33588,21.61333,31.94685,11.04858,2.401186,2.1552
848,90,480,10.124,21.40572,31.52801,10.86673,2.401091,2.155654
849,90,490,9.917978,21.20356,31.12036,10.69094,2.401003,2.156093
850,90,500,9.717584,21.00662,30.72348,10.52092,2.400922,2.156516
851,90,510,9.522615,20.81472,30.33695,10.35639,2.400846,2.156926
852,90,520,9.332873,20.62768,29.9604,10.1971,2.400776,2.157322
853,90,530,9.148171,20.4453,29.59345,10.04281,2.400711,2.157705
854,90,540,8.968332,20.26744,29.23576,9.893304,2.400651,2.158076
855,90,550,8.793184,20.09391,28.887,9.748359,2.400595,2.158436
856,90,560,8.622567,19.92457,28.54684,9.607779,2.400543,2.158784
857,90,570,8.456326,19.75928,28.21499,9.471375,2.400495,2.159122
858,90,580,8.294314,19.59789,27.89115,9.338971,2.40045,2.15945
859,90,590,8.136392,19.44027,27.57506,9.210399,2.400409,2.159768
860,90,600,7.982427,19.28629,27.26644,9.0855,2.400371,2.160077
861,90,610,7.832289,19.13584,26.96504,8.964123,2.400335,2.160377
862,90,620,7.685859,18.98878,26.67063,8.846127,2.400303,2.160668
863,90,630,7.54302,18.84501,26.38297,8.731377,2.400273,2.160951
864,90,640,7.40366,18.70443,26.10185,8.619746,2.400245,2.161227
865,90,650,7.267673,18.56693,25.82704,8.511113,2.400219,2.161495
866,90,660,7.134959,18.43242,25.55836,8.405362,2.400196,2.161755
867,90,670,7.005419,18.30079,25.2956,8.302384,2.400174,2.162009
868,90,680,6.878962,18.17196,25.03857,8.202077,2.400154,2.162256
869,90,690,6.755498,18.04584,24.78711,8.10434,2.400136,2.162497
870,90,700,6.634942,17.92235,24.54104,8.009081,2.400119,2.162732
871,90,710,6.517212,17.80141,24.3002,7.91621,2.400104,2.16296
872,90,720,6.402231,17.68295,24.06442,7.825641,2.40009,2.163183
873,90,730,6.289923,17.56688,23.83356,7.737293,2.400078,2.163401
874,90,740,6.180218,17.45314,23.60746,7.65109,2.400067,2.163613
875,90,750,6.073045,17.34165,23.386,7.566956,2.400057,2.16382
876,90,760,5.96834,17.23237,23.16903,7.484822,2.400048,2.164022
877,90,770,5.866039,17.12521,22.95643,7.404619,2.40004,2.16422
878,90,780,5.766081,17.02012,22.74807,7.326284,2.400033,2.164413
879,90,790,5.668408,16.91705,22.54383,7.249755,2.400027,2.164601
880,90,800,5.572964,16.81593,22.3436,7.174972,2.400021,2.164785
881,90,810,5.479695,16.71672,22.14726,7.10188,2.400017,2.164965
882,90,820,5.38855,16.61935,21.95471,7.030424,2.400013,2.165141
883,90,830,5.29948,16.52378,21.76584,6.960553,2.40001,2.165313
884,90,840,5.212436,16.42996,21.58055,6.892216,2.400008,2.165482
885,90,850,5.127373,16.33785,21.39875,6.825366,2.400006,2.165646
886,90,860,5.044247,16.24739,21.22035,6.759958,2.400005,2.165808
887,90,870,4.963016,16.15855,21.04525,6.695947,2.400004,2.165965
888,90,880,4.88364,16.07128,20.87337,6.633292,2.400004,2.16612
889,90,890,4.806078,15.98554,20.70462,6.571952,2.400005,2.166271
890,90,900,4.730294,15.90129,20.53893,6.511888,2.400006,2.16642
891,90,910,4.656251,15.8185,20.37621,6.453063,2.400007,2.166565
892,90,920,4.583915,15.73713,20.21639,6.39544,2.400009,2.166707
893,90,930,4.513251,15.65714,20.0594,6.338986,2.400011,2.166847
894,90,940,4.444228,15.57849,19.90516,6.283667,2.400013,2.166983
895,90,950,4.376815,15.50116,19.75362,6.229451,2.400016,2.167117
896,90,960,4.310981,15.42511,19.60469,6.176308,2.400019,2.167249
897,90,970,4.246698,15.35032,19.45833,6.124206,2.400022,2.167378
898,90,980,4.183938,15.27674,19.31446,6.073119,2.400026,2.167504
899,90,990,4.122674,15.20435,19.17303,6.023018,2.40003,2.167629
900,90,1000,4.06288,15.13313,19.03397,5.973876,2.400034,2.16775
901,100,10,35.65823,45.44484,80.96957,40.81468,2.771225,2.295455
902,100,20,34.3771,44.27414,78.52319,38.76745,2.759754,2.30176
903,100,30,33.16263,43.16089,76.20075,36.87577,2.749771,2.307739
904,100,40,32.01073,42.10194,73.99502,35.12883,2.741075,2.313366
905,100,50,30.91751,41.09423,71.89905,33.51533,2.733489,2.318635
906,100,60,29.8793,40.13482,69.90622,32.02404,2.726858,2.323555
907,100,70,28.89263,39.22088,68.01027,30.64428,2.721049,2.328138
908,100,80,27.95427,38.34975,66.20529,29.36602,2.715945,2.332405
909,100,90,27.06117,37.51891,64.48573,28.18008,2.71145,2.336377
910,100,100,26.21052,36.72598,62.84639,27.07803,2.70748,2.340075
911,100,110,25.39967,35.96873,61.2824,26.05227,2.703963,2.34352
912,100,120,24.62617,35.24506,59.78923,25.09594,2.700839,2.346732
913,100,130,23.88774,34.55302,58.36264,24.20284,2.698058,2.34973
914,100,140,23.18225,33.89078,56.99868,23.36742,2.695574,2.352532
915,100,150,22.50774,33.25661,55.69366,22.58468,2.69335,2.355154
916,100,160,21.86237,32.64893,54.44415,21.85015,2.691354,2.35761
917,100,170,21.24443,32.06623,53.24696,21.15978,2.689559,2.359914
918,100,180,20.65235,31.50712,52.09911,20.50995,2.68794,2.362079
919,100,190,20.08464,30.9703,50.99782,19.89739,2.686477,2.364116
920,100,200,19.53994,30.45454,49.94051,19.31916,2.685153,2.366034
921,100,210,19.01696,29.95871,48.92476,18.77259,2.683951,2.367843
922,100,220,18.51451,29.48175,47.94831,18.25528,2.682858,2.369552
923,100,230,18.03149,29.02266,47.00907,17.76504,2.681863,2.371167
924,100,240,17.56685,28.58051,46.10506,17.2999,2.680955,2.372696
925,100,250,17.11964,28.15442,45.23446,16.85806,2.680125,2.374146
926,100,260,16.68894,27.74359,44.39553,16.43789,2.679365,2.375521
927,100,270,16.27391,27.34724,43.58667,16.03788,2.678669,2.376828
928,100,280,15.87376,26.96466,42.80638,15.65669,2.67803,2.378071
929,100,290,15.48776,26.59518,42.05323,15.29305,2.677442,2.379254
930,100,300,15.1152,26.23816,41.32592,14.94583,2.6769,2.380381
931,100,310,14.75543,25.89301,40.62318,14.61399,2.676401,2.381456
932,100,320,14.40785,25.55917,39.94385,14.29655,2.675941,2.382483
933,100,330,14.07189,25.23611,39.28683,13.99264,2.675516,2.383464
934,100,340,13.747,24.92334,38.6511,13.70144,2.675122,2.384403
935,100,350,13.43268,24.6204,38.03566,13.42218,2.674758,2.385301
936,100,360,13.12844,24.32684,37.43962,13.15418,2.67442,2.386162
937,100,370,12.83385,24.04226,36.8621,12.8968,2.674106,2.386988
938,100,380,12.54848,23.76625,36.30229,12.64943,2.673815,2.38778
939,100,390,12.27193,23.49845,35.75942,12.41152,2.673545,2.388541
940,100,400,12.00382,23.23851,35.23277,12.18255,2.673294,2.389272
941,100,410,11.74379,22.98609,34.72164,11.96206,2.673059,2.389975
942,100,420,11.49152,22.7409,34.22539,11.74958,2.672841,2.390652
943,100,430,11.24668,22.50262,33.7434,11.54471,2.672638,2.391303
944,100,440,11.00898,22.27099,33.27509,11.34707,2.672448,2.391931
945,100,450,10.77812,22.04573,32.8199,11.15627,2.672272,2.392537
946,100,460,10.55384,21.82659,32.37732,10.972,2.672106,2.393121
947,100,470,10.33588,21.61333,31.94685,10.79393,2.671952,2.393685
948,100,480,10.124,21.40572,31.52801,10.62176,2.671808,2.39423
949,100,490,9.917978,21.20356,31.12036,10.45521,2.671673,2.394757
950,100,500,9.717584,21.00662,30.72348,10.29403,2.671546,2.395266
951,100,510,9.522615,20.81472,30.33695,10.13797,2.671428,2.395759
952,100,520,9.332873,20.62768,29.9604,9.986797,2.671318,2.396235
953,100,530,9.148171,20.4453,29.59345,9.840292,2.671214,2.396697
954,100,540,8.968332,20.26744,29.23576,9.69825,2.671117,2.397145
955,100,550,8.793184,20.09391,28.887,9.56048,2.671026,2.397579
956,100,560,8.622567,19.92457,28.54684,9.426797,2.670941,2.397999
957,100,570,8.456326,19.75928,28.21499,9.29703,2.670861,2.398407
958,100,580,8.294314,19.59789,27.89115,9.171017,2.670786,2.398803
959,100,590,8.136392,19.44027,27.57506,9.048602,2.670715,2.399188
960,100,600,7.982427,19.28629,27.26644,8.92964,2.670649,2.399562
961,100,610,7.832289,19.13584,26.96504,8.813994,2.670588,2.399925
962,100,620,7.685859,18.98878,26.67063,8.701531,2.67053,2.400278
963,100,630,7.54302,18.84501,26.38297,8.592128,2.670475,2.400621
964,100,640,7.40366,18.70443,26.10185,8.485667,2.670424,2.400955
965,100,650,7.267673,18.56693,25.82704,8.382035,2.670377,2.401281
966,100,660,7.134959,18.43242,25.55836,8.281128,2.670332,2.401597
967,100,670,7.005419,18.30079,25.2956,8.182842,2.67029,2.401905
968,100,680,6.878962,18.17196,25.03857,8.087082,2.670251,2.402206
969,100,690,6.755498,18.04584,24.78711,7.993757,2.670214,2.402498
970,100,700,6.634942,17.92235,24.54104,7.902779,2.670179,2.402784
971,100,710,6.517212,17.80141,24.3002,7.814064,2.670147,2.403062
972,100,720,6.402231,17.68295,24.06442,7.727534,2.670117,2.403333
973,100,730,6.289923,17.56688,23.83356,7.643112,2.670089,2.403598
974,100,740,6.180218,17.45314,23.60746,7.560726,2.670062,2.403857
975,100,750,6.073045,17.34165,23.386,7.480307,2.670038,2.404109
976,100,760,5.96834,17.23237,23.16903,7.401789,2.670015,2.404356
977,100,770,5.866039,17.12521,22.95643,7.32511,2.669993,2.404596
978,100,780,5.766081,17.02012,22.74807,7.250207,2.669974,2.404832
979,100,790,5.668408,16.91705,22.54383,7.177025,2.669955,2.405062
980,100,800,5.572964,16.81593,22.3436,7.105506,2.669938,2.405286
981,100,810,5.479695,16.71672,22.14726,7.035599,2.669922,2.405506
982,100,820,5.38855,16.61935,21.95471,6.967253,2.669907,2.405721
983,100,830,5.29948,16.52378,21.76584,6.900418,2.669894,2.405931
984,100,840,5.212436,16.42996,21.58055,6.835048,2.669881,2.406137
985,100,850,5.127373,16.33785,21.39875,6.771098,2.66987,2.406338
986,100,860,5.044247,16.24739,21.22035,6.708525,2.669859,2.406536
987,100,870,4.963016,16.15855,21.04525,6.647288,2.669849,2.406729
988,100,880,4.88364,16.07128,20.87337,6.587347,2.66984,2.406918
989,100,890,4.806078,15.98554,20.70462,6.528664,2.669832,2.407103
990,100,900,4.730294,15.90129,20.53893,6.471202,2.669825,2.407284
991,100,910,4.656251,15.8185,20.37621,6.414925,2.669819,2.407462
992,100,920,4.583915,15.73713,20.21639,6.3598,2.669813,2.407637
993,100,930,4.513251,15.65714,20.0594,6.305794,2.669808,2.407807
994,100,940,4.444228,15.57849,19.90516,6.252876,2.669803,2.407975
995,100,950,4.376815,15.50116,19.75362,6.201015,2.669799,2.408139
996,100,960,4.310981,15.42511,19.60469,6.150181,2.669796,2.408301
997,100,970,4.246698,15.35032,19.45833,6.100348,2.669793,2.408459
998,100,980,4.183938,15.27674,19.31446,6.051487,2.66979,2.408614
999,100,990,4.122674,15.20435,19.17303,6.003572,2.669788,2.408766
1000,100,1000,4.06288,15.13313,19.03397,5.956578,2.669787,2.408916
